PROJECT_NAME,USED_LIBRARIES,USED_CLASSES
app.crescentcash.src,0,0
app.fyreplace.client,0,0
app.olauncher,0,0
au.id.micolous.farebot,0,0
be.mygod.vpnhotspot,0,0
br.com.gualandi.dailypill,0,0
ca.andries.portknocker,0,0
cat.mvmike.minimalcalendarwidget,0,0
ch.cryptobit.letterbox,0,0
ch.famoser.mensa,0,0
co.appreactor.news,0,0
com.abast.homebot,0,0
com.afollestad.nocknock,0,0
com.android.todolist,0,0
com.arduia.expense,0,0
com.aurora.store,0,0
com.bernaferrari.changedetection,0,0
com.bernaferrari.sdkmonitor,0,0
com.brentpanther.bitcoincashwidget,0,0
com.brentpanther.bitcoinwidget,0,0
com.brentpanther.ethereumwidget,0,0
com.brentpanther.litecoinwidget,0,0
com.commit451.gitlab,0,0
com.corphish.nightlight.generic,0,0
com.crazylegend.vigilante,0,0
com.damiengo.websiterss,0,0
com.decred.decredaddressscanner,0,0
com.diblui.fullcolemak,0,0
com.dozingcatsoftware.vectorcamera,0,0
com.drodin.tuxrider,0,0
com.evilinsult,0,0
com.example.barcodescanner,0,0
com.example.forgottenumbrella.cardboardmuseum,0,0
com.finnmglas.launcher,0,0
com.flxrs.dankchat,0,0
com.flx_apps.digitaldetox,0,0
com.github.ashutoshgngwr.noice,0,0
com.github.cvzi.darkmodewallpaper,0,0
com.github.doomsdayrs.apps.shosetsu,0,0
com.github.fi3te.notificationcron,0,0
com.github.muellerma.coffee,0,0
com.github.muellerma.tabletoptools,0,0
com.github.premnirmal.tickerwidget,0,0
com.github.shadowsocks.plugin.v2ray,0,0
com.gitlab.giwiniswut.rwremount,0,0
com.gitlab.mahc9kez.shadowsocks.foss,0,0
com.gmail.anubhavdas54.whatsdeleted,0,0
com.google.android.gms,0,0
com.google.android.location,0,0
com.guillaumepayet.remotenumpad,0,0
com.jarsilio.android.autoautorotate,0,0
com.jeffliu.balancetheball,0,0
com.jim.sharetocomputer,0,0
com.jkcarino.ankieditor,0,0
com.jkuester.unlauncher,0,0
com.jmstudios.redmoon,0,0
com.joshuacerdenia.android.nicefeed,0,0
com.jpwolfso.privdnsqt,0,0
com.kanedias.archforums,0,0
com.kanedias.holywarsoo,0,0
com.ktprograms.ohmsnow,0,0
com.ktprograms.watertracker,0,0
com.kylecorry.trail_sense,0,0
com.leinardi.ubuntucountdownwidget,0,0
com.lindevhard.android.raspfinder,0,0
com.lolo.io.onelist,0,0
com.m3sv.plainupnp,0,0
com.machiav3lli.backup,0,0
com.manimarank.websitemonitor,0,0
com.marcdonald.hibi,0,0
com.marceljurtz.lifecounter,0,0
com.mcsnowflake.worktimer,0,0
com.mileskrell.texttorch,0,0
com.minar.birday,0,0
com.nazmar.dicegainz,0,0
com.nikola.jakshic.dagger,0,0
com.nononsenseapps.wanidoku,0,0
com.odnovolov.forgetmenot,0,0
com.omgodse.notally,0,0
com.osfans.trime,0,0
com.otago.open,0,0
com.picross.nonocross,0,0
com.pierreduchemin.smsforward,0,0
com.pitchedapps.frost,0,0
com.powerje.nyan,0,0
com.rascarlo.aurdroid,0,0
com.rechnen.app,0,0
com.rohit2810.spotit,0,0
com.rohitsuratekar.NCBSinfo,0,0
com.rtbishop.look4sat,0,0
com.samco.trackandgraph,0,0
com.sapuseven.untis,0,0
com.sduduzog.slimlauncher,0,0
com.securefilemanager.app,0,0
com.servoz.appsdisabler,0,0
com.serwylo.babydots,0,0
com.simplemobiletools.applauncher,0,0
com.simplemobiletools.calculator,0,0
com.simplemobiletools.calendar.pro,0,0
com.simplemobiletools.camera,0,0
com.simplemobiletools.clock,0,0
com.simplemobiletools.contacts.pro,0,0
com.simplemobiletools.dialer,0,0
com.simplemobiletools.draw.pro,0,0
com.simplemobiletools.filemanager.pro,0,0
com.simplemobiletools.flashlight,0,0
com.simplemobiletools.gallery.pro,0,0
com.simplemobiletools.musicplayer,0,0
com.simplemobiletools.notes.pro,0,0
com.simplemobiletools.smsmessenger,0,0
com.simplemobiletools.thankyou,0,0
com.simplemobiletools.voicerecorder,0,0
com.slash.batterychargelimit,0,0
com.swordfish.lemuroid,0,0
com.tistory.deque.previewmaker,0,0
com.tomer.screenshotsharer,0,0
com.transway.caresteouvert,0,0
com.tunerly,0,0
com.tutpro.baresip,0,0
com.tutpro.baresip.plus,0,0
com.twidere.twiderex,0,0
com.unciv.app,0,0
com.utazukin.ichaival,0,0
com.vaudibert.canidrive,0,0
com.vecturagames.android.app.passwordgenerator,0,0
com.vecturagames.android.app.passwordmaster,0,0
com.vedroid.events,0,0
com.x1unix.s60icons,0,0
com.yacgroup.yacguide,0,0
com.yacgroup.yacguide.dev,0,0
com.yogeshpaliyal.keypass,0,0
com.zell_mbc.medilog,0,0
de.baswil.gctools,0,0
de.baumann.quitsmoking,0,0
de.beatbrot.screenshotassistant,0,0
de.ccc.events.badge.card10,0,0
de.christinecoenen.code.zapp,0,0
de.csicar.ning,0,0
de.devmil.muzei.bingimageofthedayartsource,0,0
de.jl.notificationlog,0,0
de.kaffeemitkoffein.tinyweatherforecastgermany,0,0
de.marmaro.krt.ffupdater,0,0
de.micmun.android.nextcloudcookbook,0,0
de.moooon.acrylicons,0,0
de.mw136.tonuino,0,0
de.schlikk.calls,0,0
de.stefan_oltmann.kaesekaestchen,0,0
de.taz.android.app.free,0,0
de.tcrass.minos,0,0
de.uni_potsdam.hpi.openmensa,0,0
de.westnordost.luftlinie,0,0
dev.jtsalva.cloudmare,0,0
dev.leonlatsch.photok,0,0
dev.lucanlm.antimine,0,0
dev.patrickgold.florisboard,0,0
edu.stanford.rkpandey.covid19tracker,0,0
email.schaal.ocreader,0,0
es.eoinrul.ecwt,0,0
es.ideotec.t16fling,0,0
eu.depau.etchdroid,0,0
eu.dorfbrunnen.momkin,0,0
eu.quelltext.memory,0,0
eu.veldsoft.ithaka.board.game,0,0
foss.cnugteren.nlweer,0,0
fr.chenry.android.freshrss,0,0
fr.corenting.convertisseureurofranc,0,0
fr.corenting.traficparis,0,0
fr.covidat.android,0,0
fr.cph.chicago.foss,0,0
fr.gouv.android.stopcovid,0,0
fr.jnda.android.flashalert,0,0
fr.jnda.android.ipcalc,0,0
fr.rhaz.ipfs.sweet,0,0
fr.twentynine.keepon,0,0
fr.xgouchet.packageexplorer,0,0
freemap.opentrail,0,0
host.stjin.anonaddy,0,0
hu.vmiklos.plees_tracker,0,0
io.github.benoitduffez.cupsprint,0,0
io.github.deweyreed.clipboardcleaner,0,0
io.github.domi04151309.alwayson,0,0
io.github.domi04151309.batterytool,0,0
io.github.domi04151309.home,0,0
io.github.domi04151309.podscompanion,0,0
io.github.domi04151309.powerapp,0,0
io.github.fvasco.pinpoi,0,0
io.github.sds100.keymapper,0,0
io.github.wulkanowy,0,0
io.github.z3r0c00l_2k.aquadroid,0,0
io.rebble.charon,0,0
io.timelimit.android.aosp.direct,0,0
io.timelimit.android.open,0,0
io.treehouses.remote,0,0
io.vertretungsplan.client.android,0,0
ir.mrahimy.conceal,0,0
jl.musicalnotes,0,0
jp.ddo.hotmist.unicodepad,0,0
jp.muo.syncmemories,0,0
ltd.evilcorp.atox,0,0
mattecarra.accapp,0,0
me.blog.korn123.easydiary,0,0
me.echeung.moemoekyun.fdroid,0,0
me.hackerchick.raisetoanswer,0,0
me.hackerchick.sharetoinputstick,0,0
me.impa.knockonports,0,0
me.murks.feedwatcher,0,0
me.rosuh.easywatermark,0,0
me.yardenac.comaphone,0,0
mf.asciitext.lite,0,0
mono.hg,0,0
net.codechunk.speedofsound,0,0
net.daverix.urlforward,0,0
net.dcnnt,0,0
net.ebt.muzei.miyazaki,0,0
net.guildem.publicip,0,0
net.justdave.nwsweatheralertswidget,0,0
net.kourlas.voipms_sms,0,0
net.pfiers.osmfocus,0,0
net.redwarp.gifwallpaper,0,0
net.xisberto.timerpx,0,0
nightlock.peppercarrot,0,0
nodomain.freeyourgadget.tpmsmonitor,0,0
org.andstatus.app,0,0
org.bandev.buddhaquotes,0,0
org.blitzortung.android.app,0,0
org.chickenhook.binderfuzzy,0,0
org.chickenhook.startflagexploit,0,0
org.commonvoice.saverio,0,0
org.ddosolitary.okcagent,0,0
org.emunix.insteadlauncher,0,0
org.fossasia.badgemagic,0,0
org.freedombox.freedombox,0,0
org.ghostsinthelab.apps.guilelessbopomofo,0,0
org.gittner.osmbugs,0,0
org.jdfossapps.android.shopwithmom,0,0
org.kaqui,0,0
org.kde.bettercounter,0,0
org.liberty.android.freeotpplus,0,0
org.ligi.materialteatimer,0,0
org.ligi.survivalmanual,0,0
org.linphone,0,0
org.mattvchandler.a2050,0,0
org.mattvchandler.progressbars,0,0
org.mcxa.softsound,0,0
org.metabrainz.android,0,0
org.microg.nlp,0,0
org.mosad.seil0.projectlaogai,0,0
org.mosad.teapod,0,0
org.mozilla.fennec_fdroid,0,0
org.pacien.tincapp,0,0
org.poul.bits.android,0,0
org.schabi.jedentageinset,0,0
org.scoutant.rpn,0,0
org.thiolliere.youtubestream,0,0
org.totschnig.ocr.tesseract,0,0
org.unifiedpush.distributor.noprovider2push,0,0
org.y20k.escapepod,0,0
org.y20k.trackbook,0,0
org.y20k.transistor,0,0
org.yausername.dvd,0,0
re.indigo.epistolaire,0,0
ru.ra66it.updaterforspotify,0,0
ryey.colorsniffer,0,0
saschpe.poker,0,0
site.leos.apps.lespas,0,0
site.leos.setter,0,0
superfreeze.tool.android,0,0
superustats.tool.android,0,0
sushi.hardcore.droidfs,0,0
taco.apkmirror,0,0
tech.platypush.platypush,0,0
tech.waelk.radioactive.metronome,0,0
telegra.ph,0,0
tk.radioactivemineral.metronome,0,0
ua.bossly.tools.translit,0,0
ua.gardenapple.itchupdater,0,0
ua.gardenapple.trylbry,0,0
xyz.hisname.fireflyiii,0,0
xyz.myachin.downloader,0,0
apps.jizzu.simpletodo,1,2
be.knars.netflixtoimdb,1,1
btools.routingapp,1,3
ch.bailu.aat,1,3
ch.logixisland.anuto,1,3
com.adonai.manman,1,1
com.aidinhut.simpletextcrypt,1,1
com.appspot.usbhidterminal,1,1
com.bmco.cratesiounofficial,1,2
com.codebutler.farebot,1,3
com.dp.logcatapp,1,2
com.genonbeta.TrebleShot,1,2
com.github.mueller_ma.viewandroidversion,1,1
com.grmasa.soundtoggle,1,1
com.jtmcn.archwiki.viewer,1,4
com.kunzisoft.keepass.libre,1,1
com.mattgmg.miracastwidget,1,2
com.mustafaali.sensorssandbox,1,3
com.numguesser.tonio_rpchp.numberguesser,1,2
com.oF2pks.kalturadeviceinfos,1,1
com.perol.asdpl.play.pixivez.libre,1,1
com.saha.batchuninstaller,1,1
com.todobom.opennotescanner,1,1
com.tunjid.fingergestures,1,2
com.vrem.wifianalyzer,1,1
com.yubico.yubioath,1,3
de.freifunk_karte.freifunk_karte,1,1
de.mwvb.blockpuzzle,1,4
hu.tagsoft.ttorrent.search,1,3
io.github.saveastxt,1,2
joshuatee.wx,1,1
me.wenxinwang.pulsedroidrtp,1,2
me.zhanghai.android.files,1,4
moe.martini.midictrl,1,1
net.frju.flym,1,1
net.nitratine.priceperunit,1,1
net.scintill.duotp,1,1
openfoodfacts.github.scrachx.openbeauty,1,3
openfoodfacts.github.scrachx.openfood,1,3
org.cry.otp,1,2
org.decsync.cc,1,1
org.emunix.unipatcher,1,1
org.galexander.sshd,1,1
org.mcxa.vortaro,1,2
org.nuntius35.wrongpinshutdown,1,1
org.openhab.habdroid,1,1
org.openhab.habdroid.beta,1,1
org.openpetfoodfacts.scanner,1,3
org.ppsspp.ppsspp,1,1
app.reading.stoic.stoicreading,2,2
ca.cmetcalfe.locationshare,2,4
ch.seto.kanjirecog,2,2
cl.coders.faketraveler,2,3
com.byagowi.persiancalendar,2,2
com.dkanada.icecons,2,4
com.etesync.syncadapter,2,3
com.eventyay.attendee,2,3
com.gimranov.zandy.app,2,23
com.github.characterdog.bmicalculator,2,2
com.github.ruleant.getback_gps,2,3
com.knirirr.beecount,2,2
com.moez.QKSMS,2,4
com.movim.movim,2,4
com.noahjutz.splitfit.fdroid,2,2
com.oml.recordtimedroid,2,4
com.phikal.regex,2,3
com.sentienhq.launcher,2,21
com.starapps.tools.tnefextractor,2,2
com.tananaev.calculator,2,2
com.tengu.sharetoclipboard,2,3
com.urbandroid.dontkillmyapp,2,2
com.wireguard.android,2,4
de.clemensbartz.android.launcher,2,24
de.cwde.freeshisen,2,3
de.jonasbernard.tudarmstadtmoodlewrapper,2,3
de.msal.muzei.nationalgeographic,2,3
de.perflyst.batterycalibration,2,3
de.salomax.currencies,2,5
de.szalkowski.activitylauncher,2,4
de.toshsoft.tsvnc,2,3
de.westnordost.streetcomplete,2,2
dk.meznik.jan.encrypttext,2,4
foehnix.widget,2,2
fr.neamar.kiss,2,21
idv.markkuo.ambitsync,2,3
io.github.subhamtyagi.nightmode,2,3
is.xyz.omw,2,5
is.xyz.omw_nightly,2,5
li.klass.fhem,2,5
ml.adamsprogs.bimba,2,5
moe.minori.pgpclipper,2,2
net.vonforst.evmap,2,3
net.xvello.salasana,2,4
org.epstudios.morbidmeter,2,2
org.eukalyptus.balance,2,3
org.openintents.notepad,2,5
org.shirakumo.ocelot,2,3
org.transdroid.search,2,3
org.weilbach.splitbills,2,3
org.xphnx.ameixa,2,4
org.xphnx.ameixamonochrome,2,4
pt.joaomneto.titancompanion,2,5
android.nachiketa.ebookdownloader,3,5
apps.amine.bou.readerforselfoss,3,11
cc.echonet.coolmicapp,3,13
ch.blinkenlights.android.vanilla,3,6
com.antony.muzei.pixiv,3,7
com.bijoysingh.quicknote,3,17
com.bytestemplar.tonedef,3,6
com.daemon.ssh,3,4
com.donnnno.arcticons,3,6
com.ds.avare,3,6
com.example.trigger,3,7
com.garyodernichts.downgrader,3,6
com.github.niqdev.ipcam,3,9
com.jstappdev.dbclf,3,4
com.kgurgul.cpuinfo,3,9
com.limbo.emu.main,3,10
com.log28,3,8
com.nicobrailo.pianoli,3,6
com.oF2pks.chairlock,3,10
com.philolog.hoplitekeyboard,3,4
com.practicalapps.hamtrainer,3,5
com.punksta.apps.volumecontrol,3,5
com.superproductivity.superproductivity,3,3
com.termux.tasker,3,6
com.zoffcc.applications.metalab_open_widget,3,5
cz.martykan.webtube,3,6
de.bulling.barcodebuddyscanner,3,6
de.grobox.blitzmail,3,7
de.hskl.contacts,3,6
de.jkliemann.parkendd,3,7
de.k3b.android.toGoZip,3,4
de.nulide.shiftcal,3,8
de.spiritcroc.riotx,3,9
eu.droogers.smsmatrix,3,6
eu.quelltext.coloring,3,7
eu.roggstar.luigithehunter.dsaassistent,3,9
hr.kravarscan.enchantedfortress,3,7
im.vector.app,3,9
io.github.subhamtyagi.openinwhatsapp,3,3
name.gdr.acastus_photon,3,8
org.andresoviedo.dddmodel2,3,6
org.getdisconnected.libreipsum,3,6
org.hwyl.sexytopo,3,4
org.isoron.uhabits,3,7
org.jellyfin.mobile,3,8
org.ligi.gobandroid_hd,3,6
org.pyload.android.client,3,10
org.xphnx.iconsubmit,3,5
tk.giesecke.painlessmesh,3,7
acr.browser.lightning,4,18
be.ppareit.swiftp_free,4,9
by.yauhenl.gardine,4,10
ca.momi.lift,4,7
com.aaronjwood.portauthority,4,8
com.asdoi.quicktiles,4,12
com.better.alarm,4,31
com.cookiegames.smartcookie,4,16
com.ebaschiera.triplecamel,4,6
com.example.booklistingapk,4,6
com.farmerbb.secondscreen.free,4,8
com.gianlu.aria2android,4,5
com.github.gschwind.fiddle_assistant,4,7
com.github.palmcalc2019.palmcalc,4,11
com.github.siggel.coordinatejoker,4,11
com.google.android.stardroid,4,6
com.iatfei.streakalarm,4,13
com.jellyshack.block6,4,17
com.jens.automation2,4,11
com.machiav3lli.derdiedas,4,12
com.maxistar.textpad,4,30
com.mzhang.cleantimer,4,8
com.smartpack.kernelprofiler,4,12
com.smartpack.scriptmanager,4,15
com.tananaev.logcat,4,9
de.baumann.weather,4,4
de.eknoes.inofficialgolem,4,9
de.fff.ccgt,4,7
de.hauke_stieler.geonotes,4,12
de.igloffstein.maik.aRevelation,4,9
de.kromke.andreas.mediascanner,4,8
de.metager.metagerapp.fdroid,4,5
de.nulide.bikecomputer,4,6
dev.corruptedark.openchaoschess,4,12
eth.matteljay.mastermindy,4,9
fi.bitrite.android.ws,4,9
in.blogspot.anselmbros.torchie,4,6
io.github.muntashirakon.unapkm,4,10
io.github.sds100.keymapper.inputmethod.latin,4,7
io.github.trytonvanmeer.libretrivia,4,8
io.kuenzler.whatsappwebtogo,4,11
it.fabmazz.triestebus,4,7
moe.dic1911.urlsanitizer,4,6
net.bible.android.activity,4,4
net.moasdawiki.app,4,9
nl.mpcjanssen.simpletask,4,13
nl.mpcjanssen.simpletask.webdav,4,13
oppen.gemini.ariane,4,9
org.amoradi.syncopoli,4,10
org.basketbuilddownloader,4,7
org.bombusmod,4,10
org.dynamicsoft.caloriescope,4,10
org.fitchfamily.android.symphony,4,6
org.midorinext.android,4,19
org.moire.opensudoku,4,9
org.opengappsdownloader,4,7
org.safecoin.safeprice,4,9
org.savapage.android.print,4,9
org.sorz.lab.tinykeepass,4,7
org.tengel.planisphere,4,7
org.twistedappdeveloper.statocovid19italia,4,8
pc.javier.seguime,4,7
posidon.launcher,4,16
protect.babysleepsounds,4,12
pw.thedrhax.mosmetro,4,17
rocks.poopjournal.flashy,4,5
rocks.poopjournal.morse,4,6
at.jclehner.rxdroid,5,26
aws.apps.usbDeviceEnumerator,5,15
com.akdev.nofbeventscraper,5,13
com.craigd.lmsmaterial.app,5,15
com.deva.knot,5,7
com.fediphoto,5,15
com.gabm.fancyplaces,5,11
com.github.characterdog.share_my_number,5,22
com.github.cythara,5,14
com.greenaddress.abcore,5,10
com.gsnathan.pdfviewer,5,13
com.hearham.repeaterstart,5,8
com.luk.saucenao,5,9
com.maskyn.fileeditorpro,5,14
com.mikifus.padland,5,13
com.nephi.getoffyourphone,5,15
com.quchen.flashcard,5,10
com.rascarlo.adaptive.brightness.tile,5,8
com.rascarlo.power.button.tile,5,10
com.sam.hex,5,13
com.sunilpaulmathew.debloater,5,14
com.sunilpaulmathew.translator,5,13
com.termux.api,5,13
com.tiwa.pl,5,11
com.tortel.syslog,5,11
com.vincent_falzon.discreetlauncher,5,19
com.vlath.keyboard,5,17
com.wmstein.tourcount,5,9
com.wmstein.transektcount,5,8
com.zegoggles.smssync,5,31
de.arnowelzel.android.periodical,5,12
de.baumann.browser,5,16
de.baumann.hhsmoodle,5,9
de.k3b.android.intentintercept,5,12
de.k3b.android.locationMapViewer,5,6
de.k3b.android.lossless_jpg_crop,5,11
de.nulide.findmydevice,5,12
de.storchp.opentracks.osmplugin,5,8
de.storchp.opentracks.osmplugin.offline,5,8
dev.jmoore.lametricnotify,5,12
espero.jiofibatterynotifier,5,7
fi.testbed2,5,9
grmpl.mk.stepandheightcounter,5,14
io.github.datastopwatch,5,8
io.github.muntashirakon.setedit,5,14
io.github.otobikb.inputmethod.latin,5,7
io.github.randomfilemaker,5,8
io.github.subhamtyagi.ocr,5,10
io.wookey.wallet,5,23
me.murks.filmchecker,5,8
me.tsukanov.counter,5,16
menion.android.whereyougo,5,13
mn.tck.semitone,5,10
net.gaast.giggity,5,9
net.osmtracker,5,35
om.sstvencoder,5,11
org.asnelt.derandom,5,13
org.eu.exodus_privacy.exodusprivacy,5,12
org.kknickkk.spider,5,9
org.ligi.passandroid,5,8
org.scoutant.blokish,5,6
org.secuso.privacyfriendlydicer,5,12
org.ttrssreader,5,26
protect.card_locker,5,17
rodrigodavy.com.github.pixelartist,5,11
sh.ftp.rocketninelabs.meditationassistant.opensource,5,19
tk.giesecke.disaster_radio,5,11
uk.co.bitethebullet.android.token,5,10
agrigolo.chubbyclick,6,16
android.jonas.fakestandby,6,17
app.fedilab.openmaps,6,10
at.h4x.metaapp,6,13
at.tomtasche.reader,6,39
cityfreqs.com.pilfershushjammer,6,18
co.garmax.materialflashlight,6,15
com.blogspot.developersu.ns_usbloader,6,20
com.cg.lrceditor,6,15
com.codedead.deadhash,6,15
com.danhasting.radar,6,24
com.dev.xavier.tempusromanum,6,13
com.emacberry.uuid0xfd6fscan,6,19
com.farmerbb.notepad,6,9
com.gianlu.dnshero,6,15
com.hardcodecoder.pulsemusic,6,24
com.jstephan.yarc,6,16
com.kunzisoft.keyboard.switcher,6,26
com.marcospoerl.simplypace,6,9
com.mendhak.gpslogger,6,23
com.mkulesh.micromath.plus,6,28
com.mkulesh.onpc,6,31
com.ml.proximitysensorfix,6,16
com.nathaniel.motus.cavevin,6,16
com.nononsenseapps.feeder,6,7
com.pluscubed.matloglibre,6,21
com.plusonelabs.calendar,6,31
com.releasestandard.scriptmanager,6,16
com.smartpack.smartflasher,6,17
com.szchoiceway.aios.bridge,6,13
com.ultramegatech.ey,6,15
com.wesaphzt.privatelock,6,16
danielmeek32.compass,6,17
de.gabbo.forro_lyrics,6,14
de.kromke.andreas.musictagger,6,16
de.kromke.andreas.opus1musicplayer,6,20
de.kromke.andreas.unpopmusicplayerfree,6,15
de.rwth_aachen.phyphox,6,29
de.storchp.fdroidbuildstatus,6,14
godau.fynn.bandcampdirect,6,21
godau.fynn.usagedirect,6,23
godau.fynn.usagedirect.system,6,23
io.nandandesai.privacybreacher,6,11
is.xyz.mpv,6,13
mobi.maptrek,6,33
net.cyclestreets,6,10
net.nhiroki.bluelineconsole,6,17
org.andstatus.todoagenda,6,31
org.cuberite.android,6,19
org.dslul.openboard.inputmethod.latin,6,10
org.eukalyptus.liquidrechner,6,11
org.fitchfamily.android.gsmlocation,6,12
org.freenetproject.mobile,6,14
org.kristbaum.como,6,21
org.nutritionfacts.dailydozen,6,22
org.petero.droidfish,6,16
org.secuso.privacyfriendlynotes,6,16
org.sw24softwares.starkeverben,6,14
org.wikipedia,6,13
org.yuttadhammo.BodhiTimer,6,32
ru.evgeniy.dpitunnel,6,9
theredspy15.ltecleanerfoss,6,9
uscartools.USTravelConverter,6,11
ws.xsoh.etar,6,18
ac.robinson.mediaphone,7,22
agersant.polaris,7,17
com.a5corp.weather,7,18
com.android.keepass,7,20
com.brouken.player,7,29
com.concept1tech.instalate,7,21
com.fabienli.dokuwiki,7,27
com.farmerbb.taskbar,7,23
com.gbeatty.arxiv,7,39
com.github.dawidd6.andttt,7,13
com.github.gotify,7,22
com.lako.walletcount,7,16
com.mareksebera.simpledilbert,7,13
com.pcinpact,7,13
com.physphil.android.unitconverterultimate,7,14
com.renard.ocr,7,27
com.serwylo.lexica,7,33
com.smartpack.packagemanager,7,21
com.smilla.greentooth,7,39
com.tasomaniac.openwith.floss,7,20
com.termoneplus,7,23
com.tjk104.openfndds,7,22
com.wesaphzt.privatelocation,7,21
com.workingagenda.democracydroid,7,17
com.xvzan.simplemoneytracker,7,18
de.koelle.christian.trickytripper,7,23
eu.faircode.netguard,7,19
godau.fynn.dsbdirect,7,24
inc.flide.vi8,7,14
it.collideorscopeapps.codename_hippopotamos,7,44
org.docspell.docspellshare,7,11
org.hlwd.bible,7,16
org.runnerup.free,7,23
org.secuso.privacyfriendlynetmonitor,7,21
org.secuso.privacyfriendlysudoku,7,25
org.secuso.privacyfriendlytodolist,7,19
org.windvolt,7,18
ru.yanus171.feedexfork,7,27
se.lublin.mumla,7,23
tech.projectmatris.antimalwareapp,7,17
app.fedilab.mobilizon,8,18
ca.rmen.android.poetassistant,8,80
co.epitre.aelf_lectures,8,30
com.abhijitvalluri.android.fitnotifications,8,27
com.adguard.android.contentblocker,8,30
com.app.missednotificationsreminder,8,23
com.asdoi.mebis,8,12
com.blogspot.e_kanivets.moneytracker,8,18
com.developerfromjokela.motioneyeclient,8,22
com.github.mobile,8,34
com.infonuascape.osrshelper,8,20
com.james.status,8,38
com.orpheusdroid.screenrecorder,8,21
com.poupa.attestationdeplacement,8,24
com.saiga.find.messagefinder,8,14
com.xabber.android,8,43
com.xabber.android.classic,8,43
de.bahnhoefe.deutschlands.bahnhofsfotos,8,22
de.blinkt.openvpn,8,31
de.kromke.andreas.safmediascanner,8,15
de.stephanlindauer.criticalmaps,8,30
de.t_dankworth.secscanqr,8,33
ee.ioc.phon.android.speak,8,30
eu.lepiller.nani,8,14
foundation.e.blisslauncher,8,32
fr.guillaumevillena.opendnsupdater,8,25
in.ac.dducollegedu.shell,8,12
info.zamojski.soft.towercollector,8,32
io.github.chiver,8,15
io.github.easyintent.quickref,8,21
io.github.hasheazy,8,22
io.github.silinote,8,23
la.daube.photochiotte,8,23
me.hackerchick.catima,8,31
net.currit.tonality,8,16
org.moire.ultrasonic,8,25
org.openintents.filemanager,8,42
org.secuso.privacyfriendlyintervaltimer,8,24
org.thosp.yourlocalweather,8,28
org.transdroid.full,8,35
org.transdroid.lite,8,35
wseemann.media.romote,8,22
ca.rmen.android.networkmonitor,9,38
com.aurora.corona,9,19
com.corvettecole.gotosleep,9,19
com.ensoft.imgurviewer,9,28
com.gatheringhallstudios.mhworlddatabase,9,22
com.geoquizfoss,9,21
com.gianlu.pretendyourexyzzy,9,32
com.iskrembilen.quasseldroid,9,46
com.marv42.ebt.newnote,9,41
com.minar.randomix,9,20
com.noprestige.kanaquiz,9,34
com.oF2pks.jquarks,9,27
com.rascarlo.arch.packages,9,34
com.rehanced.lunary,9,20
com.stypox.mastercom_workbook,9,23
com.ubergeek42.WeechatAndroid,9,51
com.zzzmode.appopsx,9,36
de.tu_chemnitz.wlan,9,23
de.vier_bier.habpanelviewer,9,26
eu.siacs.conversations,9,56
eu.sum7.conversations,9,56
fr.gaulupeau.apps.InThePoche,9,39
fr.ralala.hexviewer,9,24
im.quicksy.client,9,56
io.github.installalogs,9,27
io.gitlab.danielrparks.vibrato,9,20
kiwi.root.an2linuxclient,9,33
me.jfenn.alarmio,9,26
me.zeeroooo.materialfb,9,39
net.eneiluj.moneybuster,9,47
net.eneiluj.nextcloud.phonetrack,9,53
net.nullsum.audinaut,9,32
net.schueller.instarepost,9,19
net.wigle.wigleandroid,9,33
org.asteroidos.sync,9,36
org.calyxinstitute.vpn,9,44
org.decsync.sparss.floss,9,27
org.jak_linux.dns66,9,19
org.kore.kolabnotes.android,9,51
org.ostrya.presencepublisher,9,37
org.quantumbadger.redreader,9,49
org.schabi.nxbookmarks,9,19
org.snikket.android,9,56
org.wentura.getflow,9,29
org.woheller69.weather,9,32
se.leap.bitmaskclient,9,43
se.leap.riseupvpn,9,43
su.sadrobot.yashlang,9,40
troop.com.freedcam,9,31
wb.receiptspro,9,51
app.fedilab.nitterizeme,10,20
app.fedilab.nitterizemelite,10,20
aq.metallists.loudbang,10,26
ar.rulosoft.mimanganu,10,55
com.aefyr.sai.fdroid,10,62
com.asdoi.timetable,10,32
com.averi.worldscribe,10,24
com.boardgamegeek,10,33
com.gelakinetic.mtgfam,10,43
com.ghstudios.android.mhgendatabase,10,22
com.gianlu.aria2app,10,39
com.nishantboro.splititeasy,10,36
com.parishod.watomatic,10,36
com.redcoracle.episodes,10,28
com.smartpack.kernelmanager,10,47
com.tmendes.birthdaydroid,10,40
cz.martykan.forecastie,10,30
de.freehamburger,10,54
de.pixart.messenger,10,58
eu.faircode.xlua,10,24
eu.hydrologis.geopaparazzi,10,30
io.github.folderlogs,10,28
net.kollnig.missioncontrol.fdroid,10,31
net.opendasharchive.openarchive.release,10,34
net.schueller.peertube,10,27
org.catrobat.paintroid,10,119
org.connectbot,10,87
org.flyve.inventory.agent,10,27
org.nitri.opentopo,10,38
org.secuso.privacyfriendlypasswordgenerator,10,22
org.tigase.messenger.phone.pro,10,44
rocks.tbog.tblauncher,10,51
uk.org.ngo.squeezer,10,48
vocabletrainer.heinecke.aron.vocabletrainer,10,41
com.android.gpstest.osmdroid,11,35
com.apps.adrcotfas.goodtime,11,64
com.emanuelef.remote_capture,11,38
com.greenaddress.greenbits_android_wallet,11,36
com.manimarank.spell4wiki,11,37
com.oasisfeng.island.fdroid,11,50
covidsecure.uk.venuecheckin,11,39
de.grobox.liberario,11,54
felixwiemuth.simplereminder,11,35
io.github.ismywebsiteup,11,31
io.mrarm.irc,11,57
it.feio.android.omninotes.foss,11,95
me.anon.grow,11,38
me.ranko.autodark,11,39
net.ivpn.client,11,31
net.typeblog.shelter,11,24
org.dmfs.tasks,11,53
org.mupen64plusae.v3.alpha,11,57
org.openobservatory.ooniprobe,11,76
org.secuso.privacyfriendlyactivitytracker,11,28
org.secuso.privacyfriendlyweather,11,48
org.shadowice.flocke.andotp,11,31
org.sufficientlysecure.termbot,11,81
org.voidsink.anewjkuapp,11,58
com.aaronhalbert.nosurfforreddit,12,35
com.bald.uriah.baldphone,12,64
com.dar.nclientv2,12,41
com.easyfitness,12,33
com.github.moko256.twitlatte,12,40
com.health.openworkout,12,48
com.menny.android.anysoftkeyboard,12,64
com.nextcloud.talk2,12,46
com.owncloud.android,12,37
com.secuso.privacyFriendlyCodeScanner,12,48
de.blau.android,12,87
de.tap.easy_xkcd,12,37
eu.bubu1.fdroidclassic,12,41
free.rm.skytube.oss,12,53
me.thanel.dank,12,69
org.atalk.android,12,38
org.fox.tttrss,12,40
org.gateshipone.odyssey,12,43
org.happypeng.sumatora.android.sumatoradictionary,12,59
org.kiwix.kiwixmobile,12,64
org.softeg.slartus.forpdaplus,12,42
org.telegram.messenger,12,103
org.zephyrsoft.trackworktime,12,48
pan.alexander.tordnscrypt.stable,12,41
swati4star.createpdf,12,40
ch.protonvpn.android,13,83
com.faltenreich.diaguard,13,72
io.github.muntashirakon.Music,13,56
nekox.messenger,13,108
net.tjado.passwdsafe,13,95
one.librem.chat,13,55
org.gateshipone.malp,13,42
org.liberty.android.fantastischmemo,13,51
org.mariotaku.twidere,13,55
org.xbmc.kore,13,94
ryey.easer,13,41
ryey.easer.beta,13,41
com.aurora.adroid,14,71
com.dkanada.gramophone,14,62
com.lithium.leona.openstud,14,35
com.mbestavros.geometricweather,14,74
com.money.manager.ex,14,54
com.nextcloud.android.beta,14,102
com.nextcloud.client,14,102
com.readrops.app,14,61
com.sahdeepsingh.Bop,14,35
com.zorinos.zorin_connect,14,65
fr.nuage.souvenirs,14,60
org.kde.kdeconnect_tp,14,64
se.oandell.riksdagen,14,51
threads.server,14,71
app.fedilab.fedilabtube,15,63
app.fedilab.tubelab,15,63
com.b44t.messenger,15,98
com.indieweb.indigenous,15,47
com.kabouzeid.gramophone,15,51
com.maxfour.music,15,48
com.mirfatif.permissionmanagerx,15,71
com.ruesga.rview,15,91
de.luhmer.owncloudnewsreader,15,93
de.thecode.android.tazreader,15,76
de.thecode.lmd,15,76
it.niedermann.owncloud.notes,15,105
me.kuehle.carreport,15,58
nodomain.freeyourgadget.gadgetbridge,15,54
org.dystopia.email,15,64
org.piwigo.android,15,96
threads.thor,15,50
com.alienpants.leafpicrevived,16,44
de.dennisguse.opentracks,16,76
hashengineering.darkcoin.wallet,16,78
me.ccrama.redditslide,16,76
net.reichholf.dreamdroid,16,73
app.fedilab.lite,17,62
fr.gouv.etalab.mastodon,17,62
io.github.hidroh.materialistic,17,91
io.lbry.browser,17,56
org.adaway,17,82
org.briarproject.briar.android,17,190
org.kontalk,17,117
org.sufficientlysecure.keychain,17,93
xyz.zedler.patrick.grocy,17,86
com.eventyay.organizer,18,80
com.gh4a,18,90
com.perflyst.twire,18,51
com.poupa.vinylmusicplayer,18,59
it.niedermann.nextcloud.deck,18,120
net.osmand.parkingPlugin,18,125
net.osmand.plus,18,125
net.osmand.srtmPlugin.paid,18,125
org.totschnig.myexpenses,18,147
com.ichi2.anki,19,123
com.oriondev.moneywallet,19,75
com.wangdaye.mysplash,19,87
org.fdroid.fdroid,19,116
com.biglybt.android.client,20,87
de.danoeh.antennapod,20,145
net.programmierecke.radiodroid2,20,125
org.nonononoki.hendroid,20,87
com.tachibana.downloader,21,105
fr.free.nrw.commons,21,117
com.amaze.filemanager,22,92
ml.docilealligator.infinityforreddit,22,101
org.proninyaroslav.libretorrent,22,114
org.schabi.newpipe,22,106
org.schabi.newpipelegacy,22,103
me.austinhuang.instagrabber,24,150
eu.faircode.email,26,191
